{
  "uniprot_id": "P69905",
  "sequence_length": 142,
  "molecular_weight": 15257.359100000001,
  "isoelectric_point": 8.716915321350097,
  "aromaticity": 0.07746478873239436,
  "instability_index": 6.973943661971832,
  "secondary_structure": {
    "helix": 0.4014084507042254,
    "sheet": 0.2605633802816901,
    "turn": 0.35915492957746475
  }
}